{"KspC": [-13200.890347922983, 199.86085716687805, 156.97719609372555, 15.77243552383519, 2.7363272008409454, -27.1474717967834, 4.420701987134661, -162.60933210216177, -2.962384705905012, -10.135140190211773, 130.3214670914409, 335.69640073382635, -33.522872464563136, 7.2352423465869276, -81.19088382587188, 0.0006318558051931211, -0.0520512245331754, -11.320155671958133, -0.837398571751514, 32.82411946952736, 21.755151729002762, 0.0004399492249689274, -0.6471083664452522, -0.0002860364488519451, -0.0024322126962772472, 0.025504798597944967, 9.88789985670254, 0.41921177091599543, 1.6665602796375931, -20.730506605747536, 4.622774270046648e-07, -0.0003201189318957631, -0.008358798448759919, 0.004523402834493595, 0.01902012558165822, 0.015594785758821672, 245.80813510156798, 11.451820611800258, 11.467235854189802, -166.47237810681005, -0.00013245157958863274, 0.03169470702886201, 2.425386560432834, -0.27946336378361636, -7.085868540347182, -4.8005950865804365, 1.0138450079466566e-09, -0.00024115859359596925, -0.00020037413487727918, 0.03964046418185063, 0.07123697534791962, 0.0350422122435603, 0.16953725582814444, 0.4773795525727713, 0.4501785094145727, 0.14139307180147265], "KspA": [-13200.890347922983, 199.86085716687805, 156.97719609372555, 15.77243552383519, 2.7363272008409454, -27.1474717967834, 4.420701987134661, -162.60933210216177, -2.962384705905012, -10.135140190211773, 130.3214670914409, 335.69640073382635, -33.522872464563136, 7.2352423465869276, -81.19088382587188, 0.0006318558051931211, -0.0520512245331754, -11.320155671958133, -0.837398571751514, 32.82411946952736, 21.755151729002762, 0.0004399492249689274, -0.6471083664452522, -0.0002860364488519451, -0.0024322126962772472, 0.025504798597944967, 9.88789985670254, 0.41921177091599543, 1.6665602796375931, -20.730506605747536, 4.622774270046648e-07, -0.0003201189318957631, -0.008358798448759919, 0.004523402834493595, 0.01902012558165822, 0.015594785758821672, 245.80813510156798, 11.451820611800258, 11.467235854189802, -166.47237810681005, -0.00013245157958863274, 0.03169470702886201, 2.425386560432834, -0.27946336378361636, -7.085868540347182, -4.8005950865804365, 1.0138450079466566e-09, -0.00024115859359596925, -0.00020037413487727918, 0.03964046418185063, 0.07123697534791962, 0.0350422122435603, 0.16953725582814444, 0.4773795525727713, 0.4501785094145727, 0.14139307180147265], "K1": [252.7595860302144, -8.475440929978122, -8.08462597544642, -0.5706417324567429, -1.9839630744109351, 2.7156181464935045, 0.18166670636091214, 13.16122288316921, 0.21764983825188763, 9.10190004644992, -13.014110754210137, -16.696458013352, 2.3300832619061027, -5.820417789406056, 8.083338721685678, -3.494993901176184e-05, -3.3816242007363932, -3.6591800603975355, 14.814461417503368, 33.54785585437848, 20.16499781956119, 5.913473813290437e-06, -0.02218180014737625, 2.0339038832195566e-05, 0.001805866742506268, -0.0026135277474547613, -2.3745311682286796, -0.030676412222019826, -1.4512353437168204, 2.0778957950094936, -2.43684672440736e-08, -0.002411428828733797, -0.0025491693387857672, 0.010643662792805486, 0.023822932504018013, 0.014207446525027478, -8.557676286806014, -0.8408312759125387, -11.53809269758737, 16.42741635694407, 8.169591243500918e-06, 0.723306650290068, 0.779433923232939, -3.146470443470676, -7.117412970769708, -4.276223865802901, 1.7486362580143577e-08, -8.261186388480724e-05, -0.00016891372593441645, -0.0015642023266408955, -0.0025777541684526284, -0.0009734807773060794, -0.000324827701284041, -0.0010493498189435985, -0.00109973390624922, -0.0003816793482071465], "K2": [-13227.10982724303, 201.00975285831115, 158.09361307890055, 16.031813799091715, 2.8565042283990567, -26.913946546471628, 4.384307138370057, -164.5857876243392, -2.94846304618921, -10.534051839993198, 129.39851910912844, 337.981127330223, -33.50745486135496, 7.543419015261071, -80.53866667765088, 0.000638788914974632, -0.04098487999191311, -11.858974259017216, -5.784456047121427, -17.489953322727093, -58.161641487897825, 0.00043831380780545715, -0.6425071400718796, -0.0002845919877927372, -0.0025137081308344023, 0.025341808700827473, 10.270056619986832, 0.41721359758644494, 1.7315074045378027, -20.58456036678212, 5.009243011500075e-07, -0.0004308856687913476, -0.008801582155450016, -0.04154253949270981, -0.10474118239106645, -0.08334774518539234, 246.94341445255577, 11.413925916148898, 11.902682844942802, -165.30609622462208, -0.0001382776796390317, 0.03314008720428774, 2.540827478845216, 4.56809946866, 11.468548722757511, 16.00839781464947, -2.8564230092342768e-08, 6.668426242750769e-05, 0.00020670427574032146, -0.2768875499770971, -0.581734739153319, -0.2852178384234847, 0.3400592489823807, 0.9534111613833449, 0.8846310943754847, 0.2717027832564438], "KW": [35.474152861483915, -0.45992939417544454, -0.36549667929739443, 0.024405949419645464, -1.0768694864075603, 0.15480328103204283, -0.013531670872641802, 0.39183839327009895, 0.0027916068713897233, 3.93072056723871, -0.9093425955046742, -0.8110179491778479, 0.09656512195581579, -3.163464100281229, 0.533117804774488, -0.001790953987487056, -1.8477284487903223, -1.7021457058301375, 94.84971217949737, 44.691710231535026, 19.41818896503674, -1.3559995525325164e-06, 0.0019761043668184743, -1.4686857519041752e-07, 0.00035214025380003733, -0.00011560871807490478, -0.018049286552696553, -0.000291402482339392, -0.5713289435594124, 0.13756337733388496, -1.2173914906155048e-06, -0.001818346620463096, -0.0009642700903214063, 0.02360215200569371, -0.012989023474257566, 0.010899571690515586, -0.6609746873735567, -0.027934246075748348, -6.387959087646261, 1.379404962398111, 0.0003878399471588523, 0.4477817226137457, 0.34636620133229457, -17.115218923089316, -6.3289734097315336, -4.350182963885513, -1.3561400002970458e-07, -0.000705230084561137, -0.0003712440809964246, -0.276311036240525, -0.2796422940804675, 0.08017292352372607, 1.223840579020544, 2.2067280591583684, 1.166504174096743, -0.4245513156239817], "KB": [-13.109274432060117, 0.1891368350174612, 0.1410525263989488, 0.27350322665383436, -0.7645957043889592, -0.9265149911723798, 0.061009277849154754, 2.2842278208436704, -0.002979124092002635, 2.5623946060443132, 3.3242226291261368, -0.05807472380462714, -0.10036881785122805, -1.849170391877585, -2.3755381838890273, -0.0015741488336372374, 0.9412038967695776, 0.9647027516033649, 1265.3088473198836, 2997.2840437300238, 1670.2395698451292, 3.181003049468334e-06, -0.007875902664917105, -5.56131489470868e-07, 0.0009059307757545154, 0.0009312560087422934, -0.523086325505741, 0.00046767489317963915, -0.45079140661372274, -0.5593033124746541, -1.1503781310873151e-06, 0.0006443324632408043, 0.0007495610486787652, 0.9026206908290533, 2.152717997280888, 1.2139375191401314, -2.040588607355838, 0.01349669793100361, -2.0395700720798757, -3.3042497430557347, 0.0003368578556433022, -0.19180009720980706, -0.19907415360478353, -269.8039005177499, -640.1501983664325, -357.7104499334123, 6.640226501986035e-08, -0.00012408175111389141, -0.00010128931603681224, 0.1856895006396826, 0.5535982380015412, 0.4133707841092473, 5.428810701999881, 24.553955175240663, 37.06929804368519, 18.67417602532028],